{"cameraMode":{"drawMode":0,"name":"Shaded","section":"Shading Mode"},"sceneLighting":false,"audioPlay":false,"sceneViewState":{"m_AlwaysRefresh":true,"showFog":true,"showSkybox":false,"showFlares":true,"showImageEffects":true,"showParticleSystems":true,"showVisualEffectGraphs":true,"m_FxEnabled":true},"in2DMode":false,"pivot":{"x":0.1768496334552765,"y":0.564915657043457,"z":1.1719138622283936},"rotation":{"x":0.007672626059502363,"y":0.9883641004562378,"z":-0.1442459672689438,"w":0.054586950689554217},"size":-0.1572040319442749,"orthographic":false}