{"cameraMode":{"drawMode":0,"name":"Shaded","section":"Shading Mode"},"sceneLighting":false,"audioPlay":false,"sceneViewState":{"m_AlwaysRefresh":true,"showFog":true,"showSkybox":false,"showFlares":true,"showImageEffects":true,"showParticleSystems":true,"showVisualEffectGraphs":true,"m_FxEnabled":true},"in2DMode":false,"pivot":{"x":0.04529152065515518,"y":0.7667368054389954,"z":1.4512836933135987},"rotation":{"x":-0.03464693948626518,"y":0.9606705904006958,"z":-0.13869817554950715,"w":-0.2394406944513321},"size":0.6073950529098511,"orthographic":false}