{"cameraMode":{"drawMode":0,"name":"Shaded","section":"Shading Mode"},"sceneLighting":false,"audioPlay":false,"sceneViewState":{"m_AlwaysRefresh":true,"showFog":true,"showSkybox":false,"showFlares":true,"showImageEffects":true,"showParticleSystems":true,"showVisualEffectGraphs":true,"m_FxEnabled":true},"in2DMode":false,"pivot":{"x":0.012892872095108033,"y":0.7639134526252747,"z":-0.6784859299659729},"rotation":{"x":0.6535266041755676,"y":0.032680198550224307,"z":-0.027443304657936097,"w":0.7559928894042969},"size":6.307395935058594,"orthographic":false}