{"cameraMode":{"drawMode":0,"name":"Shaded","section":"Shading Mode"},"sceneLighting":false,"audioPlay":false,"sceneViewState":{"m_AlwaysRefresh":true,"showFog":true,"showSkybox":false,"showFlares":true,"showImageEffects":true,"showParticleSystems":true,"showVisualEffectGraphs":true,"m_FxEnabled":true},"in2DMode":false,"pivot":{"x":0.41600191593170168,"y":0.23783548176288606,"z":0.9614142179489136},"rotation":{"x":-0.06701532006263733,"y":0.8754255771636963,"z":-0.1269465535879135,"w":-0.4621843993663788},"size":1.5069351196289063,"orthographic":false}