{"cameraMode":{"drawMode":0,"name":"Shaded","section":"Shading Mode"},"sceneLighting":false,"audioPlay":false,"sceneViewState":{"m_AlwaysRefresh":true,"showFog":true,"showSkybox":false,"showFlares":true,"showImageEffects":true,"showParticleSystems":true,"showVisualEffectGraphs":true,"m_FxEnabled":true},"in2DMode":false,"pivot":{"x":-0.010268688201904297,"y":-0.05113840103149414,"z":0.025761127471923829},"rotation":{"x":-0.01794402487576008,"y":0.976554274559021,"z":-0.19386917352676392,"w":-0.09426094591617584},"size":3.053500175476074,"orthographic":false}