{"cameraMode":{"drawMode":0,"name":"Shaded","section":"Shading Mode"},"sceneLighting":false,"audioPlay":false,"sceneViewState":{"m_AlwaysRefresh":true,"showFog":true,"showSkybox":false,"showFlares":true,"showImageEffects":true,"showParticleSystems":true,"showVisualEffectGraphs":true,"m_FxEnabled":true},"in2DMode":false,"pivot":{"x":0.7348731160163879,"y":0.41770046949386599,"z":0.3050413727760315},"rotation":{"x":-0.1731744259595871,"y":0.5897600650787354,"z":-0.13129915297031403,"w":-0.7781676650047302},"size":0.7299038171768189,"orthographic":false}