{"cameraMode":{"drawMode":0,"name":"Shaded","section":"Shading Mode"},"sceneLighting":false,"audioPlay":false,"sceneViewState":{"m_AlwaysRefresh":false,"showFog":true,"showSkybox":false,"showFlares":true,"showImageEffects":true,"showParticleSystems":true,"showVisualEffectGraphs":true,"m_FxEnabled":true},"in2DMode":false,"pivot":{"x":0.7348731160163879,"y":0.41770046949386599,"z":0.3050413727760315},"rotation":{"x":0.5976178646087647,"y":-0.023805495351552964,"z":0.017738040536642076,"w":0.8013063669204712},"size":0.12990379333496095,"orthographic":false}