{"cameraMode":{"drawMode":0,"name":"Shaded","section":"Shading Mode"},"sceneLighting":false,"audioPlay":false,"sceneViewState":{"m_AlwaysRefresh":true,"showFog":true,"showSkybox":false,"showFlares":true,"showImageEffects":true,"showParticleSystems":true,"showVisualEffectGraphs":true,"m_FxEnabled":true},"in2DMode":false,"pivot":{"x":0.0018317103385925294,"y":1.2739014625549317,"z":-0.1440909504890442},"rotation":{"x":0.6535266041755676,"y":0.032680198550224307,"z":-0.027443304657936097,"w":0.7559928894042969},"size":0.750308096408844,"orthographic":false}