{"cameraMode":{"drawMode":0,"name":"Shaded","section":"Shading Mode"},"sceneLighting":false,"audioPlay":false,"sceneViewState":{"m_AlwaysRefresh":true,"showFog":true,"showSkybox":false,"showFlares":true,"showImageEffects":true,"showParticleSystems":true,"showVisualEffectGraphs":true,"m_FxEnabled":true},"in2DMode":false,"pivot":{"x":0.43826043605804446,"y":0.008373038843274117,"z":-0.3187815248966217},"rotation":{"x":-0.035490259528160098,"y":0.9551411867141724,"z":-0.26384133100509646,"w":-0.13147959113121034},"size":9.389972686767579,"orthographic":false}