{"cameraMode":{"drawMode":0,"name":"Shaded","section":"Shading Mode"},"sceneLighting":false,"audioPlay":false,"sceneViewState":{"m_AlwaysRefresh":true,"showFog":true,"showSkybox":true,"showFlares":true,"showImageEffects":true,"showParticleSystems":true,"showVisualEffectGraphs":true,"m_FxEnabled":true},"in2DMode":false,"pivot":{"x":202.4608154296875,"y":135.33680725097657,"z":-80.82814025878906},"rotation":{"x":0.05939166620373726,"y":-0.02936500683426857,"z":0.000918487785384059,"w":0.9981824159622192},"size":170.16375732421876,"orthographic":false}