{"cameraMode":{"drawMode":0,"name":"Shaded","section":"Shading Mode"},"sceneLighting":false,"audioPlay":false,"sceneViewState":{"m_AlwaysRefresh":false,"showFog":true,"showSkybox":false,"showFlares":true,"showImageEffects":true,"showParticleSystems":true,"showVisualEffectGraphs":true,"m_FxEnabled":true},"in2DMode":false,"pivot":{"x":7.945014476776123,"y":0.9069398641586304,"z":9.817232131958008},"rotation":{"x":-0.04829050973057747,"y":-0.003898077877238393,"z":0.00018851651111617684,"w":-0.9988265037536621},"size":5.412194728851318,"orthographic":false}