{"cameraMode":{"drawMode":0,"name":"Shaded","section":"Shading Mode"},"sceneLighting":false,"audioPlay":false,"sceneViewState":{"m_AlwaysRefresh":false,"showFog":true,"showSkybox":false,"showFlares":true,"showImageEffects":true,"showParticleSystems":true,"showVisualEffectGraphs":true,"m_FxEnabled":true},"in2DMode":false,"pivot":{"x":-0.00018750131130218506,"y":0.0621853768825531,"z":0.2141554355621338},"rotation":{"x":0.017875634133815767,"y":-0.8995792865753174,"z":0.4348914921283722,"w":0.03700642287731171},"size":0.3034675717353821,"orthographic":false}