{"cameraMode":{"drawMode":0,"name":"Shaded","section":"Shading Mode"},"sceneLighting":true,"audioPlay":false,"sceneViewState":{"m_AlwaysRefresh":false,"showFog":true,"showSkybox":true,"showFlares":true,"showImageEffects":true,"showParticleSystems":true,"showVisualEffectGraphs":true,"m_FxEnabled":true},"in2DMode":false,"pivot":{"x":-0.021656036376953126,"y":2.1133623123168947,"z":-0.2537904977798462},"rotation":{"x":-0.19108949601650239,"y":0.021196240559220315,"z":-0.004134223330765963,"w":-0.9813718199729919},"size":3.1553330421447756,"orthographic":false}