{"cameraMode":{"drawMode":0,"name":"Shaded","section":"Shading Mode"},"sceneLighting":false,"audioPlay":false,"sceneViewState":{"m_AlwaysRefresh":true,"showFog":true,"showSkybox":false,"showFlares":true,"showImageEffects":true,"showParticleSystems":true,"showVisualEffectGraphs":true,"m_FxEnabled":true},"in2DMode":false,"pivot":{"x":4.765604496002197,"y":0.35805749893188479,"z":-1.5623860359191895},"rotation":{"x":-0.035490259528160098,"y":0.9551411867141724,"z":-0.26384133100509646,"w":-0.13147959113121034},"size":12.22818660736084,"orthographic":false}